latitude_deg,layer,surface_pressure_Pa,eastward_m_s,northward_m_s,temperature_K,eddy_kinetic_m2_s2,eddy_momentum_flux_m2_s2,eddy_heat_flux_K_m_s,streamfunction_top_kg_s
-87.5,0,101373.05,-0.00185268248,-0.0562522595,259.052086,3.22858715,-0.012817246,-0.829761476,-334898021
-87.5,1,101373.05,1.40260868,0.0385885055,231.988117,8.71020067,-0.0402802813,-1.14405098,-99957163.8
-87.5,2,101373.05,1.53619772,0.0121877504,201.772152,2.57612446,-0.072796194,0.120597747,-25864440.7
-82.5,0,101347.508,0.156728559,-0.0330681745,259.427666,5.17861832,0.0253582485,-2.34045546,-563817309
-82.5,1,101347.508,1.96032787,0.0413759179,232.891858,12.3196574,-0.192821525,-2.47241533,191385287
-82.5,2,101347.508,2.82516626,-0.00591518043,201.578063,3.51130331,0.111693216,0.0321059764,91735774
-77.5,0,101277.583,-0.010359982,-0.00782185505,260.379306,7.4289767,0.110447657,-3.34849823,-159893777
-77.5,1,101277.583,2.30690294,-0.0273950967,233.803078,18.1265725,-0.0478227388,-3.98724986,-944440281
-77.5,2,101277.583,3.92562456,-0.00119783523,201.616582,4.89206517,0.286886578,-0.226683552,-951757207
-72.5,0,101194.914,-0.180484503,0.0421595589,261.285909,10.5461408,0.264851077,-4.86801798,1.89570326e+09
-72.5,1,101194.914,2.7771717,0.0450045857,235.315235,23.7981064,0.180885397,-5.2605251,3.85748298e+09
-72.5,2,101194.914,4.73018419,0.0134414463,201.541033,6.23823194,0.134933426,0.0843693455,4.47739107e+09
-67.5,0,101098.91,0.0599606521,-0.0612276253,262.450384,13.5264154,0.219787864,-6.61573387,-2.95365592e+09
-67.5,1,101098.91,3.18720259,0.00293783673,236.871108,30.2315936,-0.0106240163,-6.25240616,-2.56923743e+09
-67.5,2,101098.91,5.25457074,-0.015816546,201.486364,7.55887609,0.264805046,0.00680777119,-3.28168708e+09
-62.5,0,101001.379,-0.0252320887,-0.00707554313,263.778964,17.1938364,0.503546342,-8.13253152,-70891520.4
-62.5,1,101001.379,3.8476008,0.00955475016,238.417624,37.8029963,0.589545794,-6.55568494,922983276
-62.5,2,101001.379,5.66732602,0.0113954213,201.400712,8.99625874,0.464156555,0.139458539,1.81752813e+09
-57.5,0,100830.29,-0.60594724,0.0137425736,265.674666,21.2671156,0.638315376,-9.21259746,1.52425753e+09
-57.5,1,100830.29,3.89280251,-0.037471104,240.262295,46.487349,0.685067702,-6.5088397,-592589015
-57.5,2,100830.29,6.26645379,-0.0355292598,201.239657,10.2753056,0.895518735,0.0481579452,-2.91974233e+09
-52.5,0,100627.631,-0.817432245,-0.0263234785,267.674468,24.4611191,0.969119294,-11.0852752,-1.49068174e+09
-52.5,1,100627.631,4.37182083,-0.0213777986,242.249551,52.1771779,2.51703884,-6.06412037,-2.37695116e+09
-52.5,2,100627.631,7.92156559,0.0221690426,201.139981,11.3364978,1.25680856,0.240979245,-91294125.8
-47.5,0,100444.777,-0.43655597,-0.0160063969,269.540221,27.7137584,1.72552127,-12.3749893,-612285277
-47.5,1,100444.777,6.1235196,-0.062523779,244.523925,57.6784529,3.9714076,-5.70599831,-5.1762268e+09
-47.5,2,100444.777,11.5810254,-0.0154810488,201.213372,13.7572245,0.662915815,0.114737008,-5.9584155e+09
-42.5,0,100288.034,0.372144959,-0.0446132899,271.804436,30.3580297,2.23948867,-13.4840184,-3.44510808e+09
-42.5,1,100288.034,9.61116684,0.0127509562,247.52605,63.1285898,4.44150351,-5.43733742,-720883697
-42.5,2,100288.034,18.0097387,0.0567010599,201.461008,18.8381789,-0.937841119,-0.105664659,5.81688998e+09
-37.5,0,100168.228,1.45783691,-0.0917629317,274.611463,31.3640726,3.65756495,-14.432707,-8.70862785e+09
-37.5,1,100168.228,14.0672147,0.0182863254,251.547884,66.7067498,2.6189982,-4.81989782,-5.17882867e+09
-37.5,2,100168.228,24.8550925,0.0540395672,201.777622,23.2835756,-3.49278326,-0.200713506,1.47061285e+09
-32.5,0,100052.984,2.34353733,-0.148248294,278.346398,30.8464353,3.18375886,-13.8469677,-1.5757308e+10
-32.5,1,100052.984,16.9007167,0.0913808178,255.971641,66.6926482,-1.01917157,-3.74707693,-3.81154709e+09
-32.5,2,100052.984,26.3575259,0.0226470232,201.932184,21.4298231,-5.33625153,-0.371904312,-776349537
-27.5,0,99927.4167,2.23082381,-0.161141233,282.372234,25.4289949,1.62656487,-12.5023655,-1.82650077e+10
-27.5,1,99927.4167,15.3809529,0.160318008,259.277194,56.4901139,-4.78954211,-2.46432312,2.18709509e+09
-27.5,2,99927.4167,20.5436464,0.0208233459,201.781782,16.8349469,-5.53360622,-0.0770072165,4.74072362e+09
-22.5,0,99757.907,1.15085744,-0.103896631,286.329363,17.1025684,0.250695582,-9.6449498,-1.20991079e+10
-22.5,1,99757.907,11.5484059,0.14503214,260.752913,44.6534311,-7.42922179,-0.76696218,6.80882549e+09
-22.5,2,99757.907,11.3048519,-0.0999320998,201.456524,13.6464924,-3.79773031,0.276034845,-5.79616727e+09
-17.5,0,99540.6361,-0.180683436,0.0627666168,290.194395,10.0300509,-0.150879935,-5.74009235,8.65456136e+09
-17.5,1,99540.6361,9.09539019,0.0505722719,261.059637,32.9285847,-8.08975488,0.00732528977,1.55077151e+10
-17.5,2,99540.6361,3.52756425,-0.0623634545,200.920724,8.6030761,-1.97781653,0.177220167,7.39283491e+09
-12.5,0,99303.1938,-0.919821449,0.268942887,293.77113,5.80908364,0.0584529856,-2.44853651,3.56818967e+10
-12.5,1,99303.1938,7.56861748,-0.242747025,260.567072,21.5937294,-5.23093266,0.389013787,3.78615355e+09
-12.5,2,99303.1938,0.263447121,-0.0583042068,200.448872,4.30190282,-0.722756495,0.0513553784,-3.928061e+09
-7.5,0,99142.0944,-1.27450632,0.430774949,296.051765,3.51614275,-0.340501903,-0.821895822,5.76297761e+10
-7.5,1,99142.0944,3.58853924,-0.417330583,259.960673,13.2747151,-1.85414293,0.551329696,1.9156959e+09
-7.5,2,99142.0944,-0.794590041,-0.0259850218,200.262674,2.30486478,-0.239338399,-0.00359853558,-1.56061929e+09
-2.5,0,99045.8836,-0.79168174,0.259754357,297.401327,2.75030002,-0.499437388,-0.189209175,3.49488702e+10
-2.5,1,99045.8836,-0.60735019,-0.24160302,259.266013,7.48474194,-0.609612377,0.277862998,2.4806616e+09
-2.5,2,99045.8836,-1.48564326,-0.00627925227,200.362274,2.03813024,-0.0607880987,0.00381568982,1.63649053e+09
2.5,0,99043.5633,-0.801445053,-0.254764878,297.438957,2.69723131,0.455980062,0.18784895,-3.42782884e+10
2.5,1,99043.5633,-0.745779644,0.236867399,259.241834,6.74526866,0.280042263,-0.21725818,-2.43950096e+09
2.5,2,99043.5633,-1.61211916,0.00697393981,200.368154,2.09723718,0.0193138981,0.00385908837,-1.5011158e+09
7.5,0,99145.8905,-1.37312689,-0.447246732,296.009426,3.46999914,0.374147874,0.824265012,-5.98328179e+10
7.5,1,99145.8905,3.13466584,0.44272422,260.020682,12.7497286,1.9089558,-0.61766488,-733870783
7.5,2,99145.8905,-1.1023213,0.0278050632,200.23708,2.29022203,0.185930071,0.00559987518,2.98600786e+09
12.5,0,99304.6045,-0.992579522,-0.268964821,293.781507,5.79501909,0.00681173975,2.46153362,-3.56864544e+10
12.5,1,99304.6045,7.13796807,0.254439556,260.634426,21.5609383,5.42459581,-0.477285202,-2.25387154e+09
12.5,2,99304.6045,0.0379987578,0.0482517489,200.413137,4.037277,0.699300218,-0.0246157664,4.12775405e+09
17.5,0,99543.3141,-0.231580473,-0.0827340733,290.232274,10.035475,-0.117179574,5.61604288,-1.12217203e+10
17.5,1,99543.3141,9.2620436,-0.0600649567,261.077777,34.1678736,8.23406175,-0.0737590934,-1.93318802e+10
17.5,2,99543.3141,3.58985196,0.0800350436,200.907681,7.89991562,1.84001276,-0.223322027,-8.97044055e+09
22.5,0,99765.6407,1.05782152,0.111349966,286.284689,16.7667815,-0.340839138,9.42435266,1.30554817e+10
22.5,1,99765.6407,11.6460109,-0.109898208,260.800863,45.5417412,8.27223246,0.752468194,-1.45808179e+09
22.5,2,99765.6407,11.0890587,0.0685540422,201.472275,12.8294122,3.61498696,-0.240058283,7.15873872e+09
27.5,0,99940.9379,2.16323922,0.134135128,282.30896,24.7516383,-1.65139986,12.5409479,1.50070056e+10
27.5,1,99940.9379,15.1896458,-0.171224357,259.287853,56.5063355,5.36075678,2.19004544,-6.776942e+09
27.5,2,99940.9379,20.2049654,0.0156841706,201.839464,16.627871,5.53516934,0.0744602011,-4.99209465e+09
32.5,0,100067.615,2.31789088,0.155215049,278.343249,30.2815472,-3.22534691,13.9681458,1.6560125e+10
32.5,1,100067.615,16.4171872,-0.0616943219,256.085246,65.5553442,0.939958841,3.62661692,7.99977434e+09
32.5,2,100067.615,25.821148,-0.0244441133,201.952088,20.7805715,5.75674119,0.244902015,4.71249019e+09
37.5,0,100176.529,1.26266267,0.076551575,274.739712,32.4233146,-3.66872068,14.3831419,7.06429758e+09
37.5,1,100176.529,13.7122031,-0.0103225753,251.783841,67.1165604,-1.68043712,4.74001052,4.41337513e+09
37.5,2,100176.529,24.4966494,-0.0657389461,201.783511,22.1322015,3.9381275,0.229457688,-3.49654639e+09
42.5,0,100302.748,0.279485702,0.0443423237,271.979918,30.1667576,-2.0032094,13.4036936,3.43248906e+09
42.5,1,100302.748,9.47293319,0.00114940217,247.769769,65.7623517,-2.85372596,5.49060878,2.20072754e+09
42.5,2,100302.748,18.1602037,-0.0536295045,201.431646,17.839479,1.5532508,0.137796148,-3.97347339e+09
47.5,0,100438.148,0.065148349,0.0720243557,269.734904,28.6233863,-0.805401844,12.7036109,5.75144302e+09
47.5,1,100438.148,6.87279991,0.036434153,244.648293,61.9140276,-3.15176021,5.83979084,7.89967491e+09
47.5,2,100438.148,12.3383918,0.011409939,201.196215,13.513229,-0.273950392,-0.0605914141,8.36508868e+09
52.5,0,100590.716,0.0102203248,-0.00548908426,267.575692,24.9622258,-0.219703917,11.1507216,-1.16141745e+09
52.5,1,100590.716,5.51449828,0.00503267392,242.363618,54.667591,-2.07470206,6.1200937,-1.66537546e+09
52.5,2,100590.716,8.85588573,-0.0127815009,201.13638,10.8321098,-0.89608905,-0.131610437,-3.15867058e+09
57.5,0,100753.213,-0.146331258,0.0259598194,265.485088,21.3921082,-0.583431608,9.6684878,1.36762807e+09
57.5,1,100753.213,4.44504463,-0.0125297537,240.278386,46.8961106,-1.36357311,6.54159669,-173868744
57.5,2,100753.213,6.94211853,-0.0110439185,201.214191,9.7619577,-1.02341636,-0.126829119,-1.27637496e+09
62.5,0,100891.875,-0.18822281,-0.0187676879,263.752601,16.4359609,-0.283984251,7.64594553,-1.54441777e+09
62.5,1,100891.875,3.61898978,-0.0463169553,238.363778,36.3150865,-0.760845023,6.39348306,-4.84463292e+09
62.5,2,100891.875,5.79334712,0.00964481129,201.32558,8.15936759,-0.798399838,-0.0808008951,-4.4109782e+09
67.5,0,101014.514,-0.154216139,0.00361633498,262.333159,13.6737191,-0.206763612,6.36625415,-61953099.9
67.5,1,101014.514,3.38514003,0.0194246253,236.662474,30.9341724,-0.633264886,6.02999884,715653978
67.5,2,101014.514,5.17108407,0.0164472702,201.488916,7.11304064,-0.507954378,-0.0146097606,1.47382177e+09
72.5,0,101136.813,-0.150944673,0.0415819931,260.993629,10.2980903,-0.348267491,5.01309677,1.56134116e+09
72.5,1,101136.813,2.61118265,0.0253548756,235.238625,23.8938961,-0.554724925,5.25210852,2.50608085e+09
72.5,2,101136.813,4.56657942,0.0205283481,201.534159,6.0592296,-0.367733801,0.0359905722,3.29304124e+09
77.5,0,101210.859,-0.109748112,-0.0169636941,260.056372,7.19242217,0.067513463,3.46050474,-579646827
77.5,1,101210.859,2.39613679,-0.00980862952,233.745663,17.15229,-0.505564867,4.07510225,-919187828
77.5,2,101210.859,3.71735107,-0.0241053411,201.622502,4.60797935,-0.474185641,0.0259756985,-1.67427631e+09
82.5,0,101318.714,-0.331053992,-0.000670573744,259.034209,4.40085445,0.00785127198,1.99830851,-41625254.8
82.5,1,101318.714,1.5311198,0.0229028069,232.732045,11.6673695,-0.78703175,2.31464957,348871027
82.5,2,101318.714,2.54575808,0.0176550456,201.705276,3.65073017,-0.321806721,-0.164700868,652250320
87.5,0,101375.513,-0.403509038,-0.0817335017,258.763009,3.13410142,-0.124539041,0.890074277,-495531151
87.5,1,101375.513,0.140067937,-0.00587285884,232.087221,7.7058603,-0.481037022,1.11714022,-533533332
87.5,2,101375.513,1.17653603,0.0280996638,201.684907,3.10868609,-0.144695223,0.00790265019,-370080227
