1	relief	scalar	-1e+09	1e+09	R0	1	0
2	surface_class	weights	0	1	R0	1	0
3	daylight	scalar	0	1	R0	1	0
4	snow_cover	scalar	0	1	R2	1	0
5	sea_ice	scalar	0	1	R2	1	0
6	temperature_anomaly	scalar	-1	1	R2	0	1
7	atmosphere_density	scalar	0	1	R3	0	0
8	wind	vector	-1e+09	1e+09	R3	0	0
9	cloud_cover	scalar	0	1	R4	0	0
10	cloud_thickness	scalar	0	1	R4	0	0
11	precipitation	scalar	0	1	R4	0	0
12	water_extent	scalar	0	1	R5	0	0
13	vegetation_vigour	scalar	0	1	R5	0	0
14	dryness	scalar	0	1	R5	0	0
15	ocean_tint	weights	0	1	R6	0	0
16	current	vector	-1e+09	1e+09	R6	0	0
17	haze	scalar	0	1	R7	0	0
18	stratospheric_veil	scalar	0	1	R7	0	0
19	fire	scalar	0	1	R7	0	0
20	urban	scalar	0	1	R8	0	0
21	farmland	scalar	0	1	R8	0	0
22	mining	scalar	0	1	R8	0	0
23	night_lights	scalar	0	1	R8	0	0
24	known	scalar	0	1	R1	1	0
25	guessed	scalar	0	1	R1	1	0
26	knowledge_age	scalar	0	1	R1	1	0
27	observation_uncertainty	scalar	0	1	R1	0	1
28	estimate_uncertainty	scalar	0	1	R1	0	1
