65537	top_of_atmosphere_insolation_W_m2	derived	cell	float32	1	W/m2
65538	substep_mean_insolation_W_m2	derived	cell	float32	1	W/m2
131073	hypsometry_m	slow	cell_layers	float32	9	m
131074	sea_level_m	slow	global	float64	1	m
196609	land_surface_temperature_K	slow	cell	float32	1	K
196610	land_ground_temperature_K	slow	cell	float32	1	K
196612	ocean_deep_temperature_K	slow	cell	float64	1	K
196613	ocean_mixed_layer_temperature_K	slow	cell	float64	1	K
262145	land_snow_water_equivalent_kg_m2	slow	cell	float64	1	kg/m2
262146	sea_ice_mass_kg_m2	slow	cell	float64	1	kg/m2
262147	prescribed_precipitation_kg_m2_s	derived	cell	float32	1	kg/m2/s
# retired_field_id	196611
